,variable,TPR,FPR
0,FocalNeuroFindings,0.409326425,0.087301587
1,HighriskDiving,0.471502591,0.087301587
2,GCSbelowThreshold,0.554404145,0.107142857
3,PainNeck,0.823834197,0.416666667
4,SubInj_Head,0.880829016,0.496031746
5,axialloadtop,0.89119171,0.5
6,TenderNeck,0.932642487,0.591269841
7,HighriskMVC,0.968911917,0.654761905