,variable,TPR,FPR
0,FocalNeuroFindings,0.256,0.052447552
1,GCSbelowThreshold,0.416,0.094405594
2,Torticollis,0.544,0.157342657
3,PainNeck,0.808,0.43006993
4,Clotheslining,0.824,0.43006993
5,Predisposed,0.832,0.43006993
6,SubInj_TorsoTrunk,0.864,0.454545455
7,AxialLoadAnyDoc,0.92,0.548951049
8,HighriskFall,0.936,0.559440559
9,HEENT,0.952,0.597902098