,LocLen,HASeverity,LocLen_LOCSeparate,HASeverity_LOCSeparate,,HASeverity_LocLen_LOCSeparate,HASeverity_LocLen,LOCSeparate
0,0.5130850528434826,0.60694514343231,0.5500754906894816,0.606064418721691,0.6590337191746352,0.5447911424257675,0.6171363865123302,0.6526170105686965
1,0.5021370130663084,0.5809012089388204,0.5304677005739407,0.5794358285504946,0.6363414336304799,0.5232629136646721,0.5953107827573574,0.6240078153620711
2,0.5216478614536867,0.6178168459721858,0.557202833901863,0.6147992652847022,0.6687221201784309,0.5527420624508003,0.6252951981107321,0.6598005772763055
3,0.5085046966235085,0.5894897182025894,0.5347804011170347,0.5859355166285859,0.6441990352881442,0.5285605483625285,0.602056359482102,0.6294744859101294
4,0.4985095981876714,0.5774412781685943,0.5258137593895315,0.5763681888637177,0.6325265291522595,0.519017527125313,0.5921068320019077,0.6201263860736854
5,0.5245242562315733,0.6202090592334495,0.5609756097560976,0.617126775663361,0.6718038059501474,0.5560171535781292,0.6279817743232378,0.6630930045564192
6,0.516531583687122,0.6098031648012351,0.5542261675028947,0.6085166602341439,0.6622925511385566,0.548308246494275,0.6199665508812556,0.6559886787598096
7,0.5052722987222429,0.5862796179134102,0.5304552785014266,0.5829301575486913,0.6403672000992433,0.5246247363850639,0.5985609725840466,0.6253566555017988
