,LocLen,HASeverity,LocLen_LOCSeparate,HASeverity_LOCSeparate,,HASeverity_LocLen_LOCSeparate,HASeverity_LocLen,LOCSeparate
0,0.9852941176470589,0.9852941176470589,0.9852941176470589,0.9852941176470589,0.9852941176470589,1.0,1.0,1.0
1,0.9868421052631579,0.9868421052631579,0.9868421052631579,0.9868421052631579,0.9868421052631579,1.0,1.0,1.0
2,0.9818181818181818,0.9818181818181818,0.9818181818181818,0.9818181818181818,0.9818181818181818,1.0,1.0,1.0
3,0.9841269841269841,0.9841269841269841,0.9841269841269841,0.9841269841269841,0.9841269841269841,1.0,1.0,1.0
4,0.9875,0.9875,0.9875,0.9875,0.9875,1.0,1.0,1.0
5,0.9814814814814815,0.9814814814814815,0.9814814814814815,0.9814814814814815,0.9814814814814815,1.0,1.0,1.0
6,0.9850746268656716,0.9850746268656716,0.9850746268656716,0.9850746268656716,0.9850746268656716,1.0,1.0,1.0
7,0.9850746268656716,0.9850746268656716,0.9850746268656716,0.9850746268656716,0.9850746268656716,1.0,1.0,1.0
