,LocLen,HASeverity,LocLen_LOCSeparate,HASeverity_LOCSeparate,,HASeverity_LocLen_LOCSeparate,HASeverity_LocLen,LOCSeparate
0,0.3397536253692624,0.02079725827019258,0.030847319063828007,0.03140317132950387,0.029994232432898747,0.011004874666982177,0.021613144789263346,0.02161314478926334
1,0.3448874721138079,0.018608073189119684,0.027600232846582928,0.028097574347450825,0.026836944808383056,0.009846466807299841,0.0193380769167093,0.0193380769167093
2,0.3328017800333833,0.029541957835039864,0.029541957835039864,0.025712973861329008,0.03372224907452984,0.00890723542830247,0.025712973861329008,0.018541889140337404
3,0.3399049857606139,0.02579059810995543,0.025790598109955425,0.02244783432338246,0.029440058715859356,0.007776157913597362,0.02244783432338246,0.01618736353521518
4,0.34527163219702833,0.017677669529663674,0.02622022120425379,0.026692695630078263,0.02549509756796394,0.009354143466934856,0.024238399287081644,0.01837117307087385
5,0.33155906396051954,0.03008903112828132,0.030089031128281332,0.026189140043946197,0.034346735168502625,0.00907218423253033,0.026189140043946197,0.01888525745775106
6,0.33885527946788263,0.021107665110046206,0.03130772681104929,0.03187187537919796,0.030441907543837503,0.011169126527683404,0.021935729039849337,0.02193572903984934
7,0.3406910540316121,0.024250860909361096,0.02425086090936105,0.021107665110046175,0.027682443270136425,0.007311909679949752,0.027682443270136428,0.01522095377191874
