,LocLen,HASeverity,LocLen_LOCSeparate,HASeverity_LOCSeparate,,HASeverity_LocLen_LOCSeparate,HASeverity_LocLen,LOCSeparate
0,0.9852941176470589,0.9264705882352942,0.9558823529411765,0.9264705882352942,0.8823529411764706,0.9705882352941176,0.9117647058823529,0.8970588235294118
1,0.9868421052631579,0.9342105263157895,0.9605263157894737,0.9342105263157895,0.8947368421052632,0.9736842105263158,0.9210526315789473,0.9078947368421053
2,0.9818181818181818,0.9272727272727272,0.9636363636363636,0.9272727272727272,0.8727272727272727,0.9818181818181818,0.9090909090909091,0.8909090909090909
3,0.9841269841269841,0.9365079365079365,0.9682539682539683,0.9365079365079365,0.8888888888888888,0.9841269841269841,0.9206349206349206,0.9047619047619048
4,0.9875,0.9375,0.9625,0.9375,0.9,0.975,0.925,0.9125
5,0.9814814814814815,0.9259259259259259,0.9629629629629629,0.9259259259259259,0.8703703703703703,0.9814814814814815,0.9074074074074074,0.8888888888888888
6,0.9850746268656716,0.9253731343283582,0.9552238805970149,0.9253731343283582,0.8805970149253731,0.9701492537313433,0.9104477611940298,0.8955223880597015
7,0.9850746268656716,0.9402985074626866,0.9701492537313433,0.9402985074626866,0.8955223880597015,0.9850746268656716,0.9253731343283582,0.9104477611940298
