,LocLen,HASeverity,LocLen_LOCSeparate,HASeverity_LOCSeparate,,HASeverity_LocLen_LOCSeparate,HASeverity_LocLen,LOCSeparate
0,0.2478610971313538,0.5805234021137393,0.4808756919979869,0.5435329642677403,0.6180171112229492,0.5558631102164067,0.58379466532461,0.5961248112732763
1,0.24569544510929295,0.5606301135669801,0.4679448040053731,0.5194773476614971,0.5961655879838809,0.5346196116741971,0.5789473684210527,0.5733300769324704
2,0.2529519811073209,0.5890842298609289,0.48674888480713724,0.5501180792442928,0.6262135922330098,0.5635003935974809,0.591577013907111,0.6037785358173707
3,0.2487941101802488,0.5676567656765676,0.4714394516374714,0.5243716679360244,0.6029449098756029,0.5403655750190404,0.5854277735465854,0.5793348565625793
4,0.24216048646715155,0.5574102778108978,0.46130916895194946,0.5162751877906283,0.5925837605818529,0.5308215094789556,0.5757720281387863,0.5700488851794444
5,0.25623157330474405,0.5913964084695792,0.4930313588850174,0.5525328330206379,0.6286518359689092,0.5663361029214687,0.5940766550522648,0.60613776467435
6,0.25112569149620484,0.5830438698057379,0.4870706291007333,0.5459925382735109,0.6208671040782194,0.5587289334877139,0.5866460825935932,0.5987392255242506
7,0.24562709341272795,0.5644460984989456,0.4648306661704503,0.521399330107927,0.5994293511971219,0.5367820369681181,0.5819377248480337,0.576107182731671
