,LocLen,HASeverity,LocLen_LOCSeparate,HASeverity_LOCSeparate,,HASeverity_LocLen_LOCSeparate,HASeverity_LocLen,LOCSeparate
0,0.5777554101660796,0.592727730246603,0.598012078510317,0.5987669854051334,0.6142425767488676,0.5603925515853044,0.5958731756416709,0.9930800201308505
1,0.5719868115765051,0.5694223958969349,0.5850531200390768,0.572963731835389,0.5926242520454268,0.5413359384540237,0.5928684821101478,0.9934057882525339
2,0.5854106533718184,0.6001049593282602,0.6058777223825768,0.6035161374967201,0.6229336132248754,0.5675675675675675,0.6035161374967201,0.9930464445027551
3,0.5774308200050774,0.5751459761360751,0.5907590759075908,0.576034526529576,0.5996445798425997,0.5468392993145469,0.5987560294490988,0.9928915968519929
4,0.5684988672946226,0.5668296172648146,0.580660546083224,0.5698104208894718,0.5890067962322643,0.5371408131632288,0.5898414212471682,0.9933229998807679
5,0.5891181988742964,0.6018493701420531,0.6093540605735728,0.6056017153578129,0.6254355400696864,0.5711605467703028,0.6058697400160815,0.9930313588850174
6,0.5816287147819375,0.5944937604528496,0.6015695355718513,0.6009262832883057,0.6171362408336549,0.5638749517560787,0.5984819246108324,0.9929242248809983
7,0.5733779928048629,0.572757722366952,0.5865277260885746,0.5731298846296985,0.596079890832403,0.5428606872596452,0.5955836744820742,0.9930529710953976
