,LocLen,HASeverity,LocLen_LOCSeparate,HASeverity_LOCSeparate,,HASeverity_LocLen_LOCSeparate,HASeverity_LocLen,LOCSeparate
0,0.24013470324293412,0.023335267181603878,0.08133864800075113,0.026341503492985308,0.019594742382175075,0.07376105265160618,0.0419529050144971,0.04453207083810913
1,0.239897265784128,0.02189919895846393,0.07880929925655487,0.0257790126259808,0.020104303313884242,0.07448173731972224,0.041641978056192845,0.04243162643142601
2,0.2389999528629977,0.023280010950198337,0.08243445270351563,0.02643464809377729,0.019781318180125053,0.07404048363210958,0.04181557441989526,0.044504224960009935
3,0.23936841225036362,0.02108075657325336,0.080025150211273,0.025935360567693782,0.0206971488830178,0.07444351692009317,0.04154109574843479,0.042213241953501714
4,0.24115504690097841,0.023123487623805564,0.07927668479678496,0.025909932475646037,0.01995941833512308,0.07471956514556694,0.041268696438749856,0.04254736236296221
5,0.23785362914614516,0.022870844214139992,0.08203844695435158,0.026135001829534283,0.019816322948035852,0.07378743668204266,0.041991723533655136,0.04426087825882073
6,0.23889828785772813,0.022859618696391214,0.08100912398165833,0.02599291981571979,0.019659945067322885,0.0734845913129221,0.042268753148557416,0.04432462128036074
7,0.24048419581136768,0.021881762627333184,0.08027560616000341,0.02621166290993238,0.02046442793630314,0.074688613502509,0.04120512868680972,0.04225518960859123
