,LocLen,HASeverity,LocLen_LOCSeparate,HASeverity_LOCSeparate,,HASeverity_LocLen_LOCSeparate,HASeverity_LocLen,LOCSeparate
0,0.17052351804299215,0.019814224892919115,0.055158071256891296,0.011050672662929424,0.024722659750691014,0.07917908581247271,0.10594121884044497,0.0007090590238351996
1,0.169564872766442,0.021259522207813356,0.05718663523829933,0.012108344344086728,0.02572868391090219,0.07268678173017544,0.10343898394640545,0.0007036199922279972
2,0.17399089119922226,0.02020354609457864,0.055480239049085625,0.01149322616797469,0.02542226734391846,0.08067160587283181,0.10707534429696236,0.0006351990782949858
3,0.1723372769938343,0.021700656583380346,0.05770193529534216,0.01251857017957273,0.026477061322515923,0.07386431641460836,0.10494849304389908,0.0006793139456846628
4,0.16781280540885668,0.020925754374815333,0.0574543074852884,0.012109525639492113,0.02574564110328363,0.07154323744110357,0.10351793331222836,0.0008107785859067808
5,0.17548867373169197,0.02049724597864352,0.05536252877879433,0.011521818621223945,0.025341359376948244,0.08152442194139685,0.10689848241382688,0.0006308551217335658
6,0.17213658023283307,0.020047753855153446,0.055050791660896305,0.01119350651549354,0.024684720683785556,0.08010976236662865,0.10583955399937058,0.0006437666796962265
7,0.17071121530853717,0.021359131188390106,0.057757238465789125,0.012455574044718547,0.026411182255181007,0.07287915701859969,0.10487422508539285,0.0007711336195469374
