,LocLen,HASeverity,LocLen_LOCSeparate,HASeverity_LOCSeparate,,HASeverity_LocLen_LOCSeparate,HASeverity_LocLen,LOCSeparate
0,1.0,0.9852941176470589,0.9852941176470589,1.0,0.9852941176470589,1.0,1.0,0.9852941176470589
1,1.0,0.9868421052631579,0.9868421052631579,1.0,0.9868421052631579,1.0,1.0,0.9868421052631579
2,1.0,0.9818181818181818,0.9818181818181818,1.0,0.9818181818181818,1.0,1.0,0.9818181818181818
3,1.0,0.9841269841269841,0.9841269841269841,1.0,0.9841269841269841,1.0,1.0,0.9841269841269841
4,1.0,0.9875,0.9875,1.0,0.9875,1.0,1.0,0.9875
5,1.0,0.9814814814814815,0.9814814814814815,1.0,0.9814814814814815,1.0,1.0,0.9814814814814815
6,1.0,0.9850746268656716,0.9850746268656716,1.0,0.9850746268656716,1.0,1.0,0.9850746268656716
7,1.0,0.9850746268656716,0.9850746268656716,1.0,0.9850746268656716,1.0,1.0,0.9850746268656716
