,LocLen,HASeverity,LocLen_LOCSeparate,HASeverity_LOCSeparate,,HASeverity_LocLen_LOCSeparate,HASeverity_LocLen,LOCSeparate
0,0.5971313537996981,0.6563915450427781,0.5231504781077001,0.6116004026170105,0.6446904881731254,0.7238298943130347,0.6565173628585808,0.5607700050327127
1,0.5967761631456833,0.6251068506533154,0.509586030040298,0.5822444742947857,0.6219318598119429,0.7104652582732934,0.6440346806691903,0.5393820979362559
2,0.6032537391760693,0.6630805562844397,0.5293886119128838,0.6187352400944633,0.6528470217790606,0.7340593020204671,0.663867751246392,0.5670427709262661
3,0.5997715156130998,0.6297283574511298,0.5133282559025133,0.5877126174155877,0.6283320639756284,0.7187103325717187,0.6490225945671491,0.5436659050520437
4,0.5928222248718255,0.6221533325384524,0.5045904375819721,0.57982592106832,0.6183379038988911,0.7062119947537856,0.6396804578514368,0.5357100274233934
5,0.6066738139908872,0.6648351648351648,0.5333690699544358,0.6204770838917181,0.6550522648083623,0.7374698472259448,0.6672473867595818,0.5700884481372286
6,0.6005403319181783,0.6584330374372829,0.5273382220506883,0.6132767271323813,0.6473690981602984,0.7276469831467902,0.6602341438312106,0.5645182040396244
7,0.5959558367448208,0.6270934127279494,0.5089939213497084,0.5851631311251706,0.6249844932390523,0.7144274903858082,0.6449572013397842,0.540007443245255
