,LocLen,HASeverity,LocLen_LOCSeparate,HASeverity_LOCSeparate,,HASeverity_LocLen_LOCSeparate,HASeverity_LocLen,LOCSeparate
0,0.9705882352941176,0.9558823529411765,0.9558823529411765,0.8970588235294118,0.9558823529411765,0.9705882352941176,0.9264705882352942,0.1323529411764706
1,0.9736842105263158,0.9605263157894737,0.9605263157894737,0.9078947368421053,0.9605263157894737,0.9736842105263158,0.9342105263157895,0.11842105263157894
2,0.9636363636363636,0.9636363636363636,0.9636363636363636,0.9090909090909091,0.9454545454545454,0.9636363636363636,0.9090909090909091,0.14545454545454545
3,0.9682539682539683,0.9682539682539683,0.9682539682539683,0.9206349206349206,0.9523809523809523,0.9682539682539683,0.9206349206349206,0.12698412698412698
4,0.975,0.9625,0.9625,0.9125,0.9625,0.975,0.925,0.1125
5,0.9629629629629629,0.9629629629629629,0.9629629629629629,0.9074074074074074,0.9444444444444444,0.9629629629629629,0.9074074074074074,0.14814814814814814
6,0.9701492537313433,0.9552238805970149,0.9552238805970149,0.8955223880597015,0.9552238805970149,0.9701492537313433,0.9253731343283582,0.13432835820895522
7,0.9701492537313433,0.9701492537313433,0.9701492537313433,0.9253731343283582,0.9552238805970149,0.9701492537313433,0.9104477611940298,0.11940298507462686
