,LocLen,HASeverity,LocLen_LOCSeparate,HASeverity_LOCSeparate,,HASeverity_LocLen_LOCSeparate,HASeverity_LocLen,LOCSeparate
0,0.31001509813789635,0.30510820332159033,0.3033467539003523,0.37518872672370407,0.29894313034725717,0.1373930548565677,0.2806995470558631,0.25767488676396577
1,0.30650873122481376,0.29209915740627673,0.29405299792404443,0.3577970448162169,0.28721455611185737,0.13615826108193918,0.28123091952619367,0.24740505556233972
2,0.31290999737601677,0.3071372343217003,0.3053004460771451,0.3775911834164261,0.30097087378640774,0.13946470742587247,0.2843085804250853,0.26187352400944636
3,0.3071845646103072,0.29296775831429295,0.293983244478294,0.35922823051535924,0.28814419903528815,0.13747143945163748,0.2826859609037827,0.2500634678852501
4,0.3028496482651723,0.289495648026708,0.28913795159174915,0.3557887206390843,0.28365327292237985,0.1346130916895195,0.2768570406581614,0.24478359365684987
5,0.3160010720986331,0.30916644331278476,0.3097024926293219,0.3791208791208791,0.3040739748056821,0.14057893326186008,0.28812650763870273,0.26387027606539804
6,0.3131352116300013,0.3072172906213817,0.30798919336163644,0.37681718770101635,0.30219992280972596,0.1386851923324328,0.28470346069728547,0.2600025730091342
7,0.3040565686639375,0.29090683538022577,0.2896662945044039,0.3570276640615308,0.2849522391762809,0.13608733407765786,0.2788735888847538,0.2478600669892073
