,LocLen,HASeverity,LocLen_LOCSeparate,HASeverity_LOCSeparate,,HASeverity_LocLen_LOCSeparate,HASeverity_LocLen,LOCSeparate
0,0.7444640161046804,0.7395571212883745,0.7156517362858581,0.7244589833920483,0.7513839959738299,0.7965525918470056,0.7580523402113739,0.7001761449421238
1,0.7406276712663329,0.7204786909268531,0.7052143118817926,0.7022835511051411,0.7339113444865063,0.7887409940163634,0.7466113078519966,0.6762730492123581
2,0.7522959853056941,0.7465232222513776,0.7225137759118342,0.7310417213329835,0.7596431382839149,0.802807662030963,0.7650223038572553,0.7069010758331147
3,0.7451129728357451,0.7258187357197258,0.710967250571211,0.7071591774562072,0.7404163493272404,0.7928408225437928,0.7522213759837523,0.681010408733181
4,0.7366161917252891,0.7176582806724693,0.6995349946345535,0.6990580660546083,0.7302968880410159,0.7849052104447359,0.742339334684631,0.6729462263026111
5,0.7556955239882069,0.7484588582149557,0.7272849102117395,0.7330474403645135,0.7619941034575181,0.8054140980970249,0.7682926829268293,0.7090592334494773
6,0.7478451048501222,0.7417985333847935,0.7206998584844976,0.7268750804065355,0.7541489772288692,0.7993052875337707,0.761482053261289,0.7023028431750933
7,0.7412231733035604,0.7231112765165613,0.7052474879047265,0.7041310011164867,0.7371293884133482,0.7892321051978662,0.7480461481205806,0.6782036968118099
