,LocLen,HASeverity,LocLen_LOCSeparate,HASeverity_LOCSeparate,,HASeverity_LocLen_LOCSeparate,HASeverity_LocLen,LOCSeparate
0,0.007204381596421085,0.025300956667772427,0.018601633295108118,0.021613144789263343,0.0186016332951081,0.017149858514250865,0.017149858514250875,0.01714985851425089
1,0.006446025638903121,0.022637698071164815,0.016643566632465134,0.01933807691670931,0.016643566632465155,0.015344610249592902,0.015344610249592898,0.021379048433252525
2,0.00890723542830247,0.0290909090909091,0.011499191491521383,0.026721706284907408,0.0212034614358011,0.014545454545454552,0.0212034614358011,0.021818181818181823
3,0.007776157913597417,0.025396825396825397,0.010038976698947235,0.02332847374079217,0.018510958396334303,0.012698412698412698,0.0185109583963343,0.029440058715859377
4,0.006123724356957924,0.021505813167606556,0.01581138830084191,0.01837117307087385,0.015811388300841892,0.014577379737113242,0.012747548783981946,0.0203100960115899
5,0.009072184232530277,0.029629629629629638,0.011712139482105127,0.027216552697590875,0.021596118129056634,0.014814814814814836,0.021596118129056634,0.02222222222222222
6,0.007311909679949807,0.025678582886694418,0.018879269612945532,0.021935729039849368,0.01887926961294555,0.017405826551777026,0.017405826551777016,0.01740582655177702
7,0.007311909679949807,0.023880597014925405,0.009439634806472766,0.02193572903984936,0.017405826551777016,0.011940298507462676,0.015220953771918774,0.027682443270136428
