,LocLen,HASeverity,LocLen_LOCSeparate,HASeverity_LOCSeparate,,HASeverity_LocLen_LOCSeparate,HASeverity_LocLen,LOCSeparate
0,0.9117647058823529,0.9117647058823529,0.8235294117647058,0.8676470588235294,0.8823529411764706,0.8235294117647058,0.8823529411764706,0.8823529411764706
1,0.9210526315789473,0.9210526315789473,0.8421052631578947,0.881578947368421,0.8947368421052632,0.8421052631578947,0.881578947368421,0.8947368421052632
2,0.9090909090909091,0.9090909090909091,0.8181818181818182,0.8727272727272727,0.8727272727272727,0.8545454545454545,0.8727272727272727,0.8909090909090909
3,0.9206349206349206,0.9206349206349206,0.8412698412698413,0.8888888888888888,0.8888888888888888,0.873015873015873,0.873015873015873,0.9047619047619048
4,0.9125,0.925,0.8375,0.8875,0.9,0.8375,0.875,0.9
5,0.9074074074074074,0.9074074074074074,0.8148148148148148,0.8703703703703703,0.8703703703703703,0.8518518518518519,0.8703703703703703,0.8888888888888888
6,0.9104477611940298,0.9104477611940298,0.8208955223880597,0.8656716417910447,0.8805970149253731,0.8208955223880597,0.8805970149253731,0.8805970149253731
7,0.9104477611940298,0.9253731343283582,0.835820895522388,0.8955223880597015,0.8955223880597015,0.8656716417910447,0.8656716417910447,0.9104477611940298
