,LocLen,HASeverity,LocLen_LOCSeparate,HASeverity_LOCSeparate,,HASeverity_LocLen_LOCSeparate,HASeverity_LocLen,LOCSeparate
0,0.9558823529411765,0.9117647058823529,0.9852941176470589,0.9852941176470589,0.9558823529411765,0.9705882352941176,0.9411764705882353,0.9705882352941176
1,0.9605263157894737,0.9210526315789473,0.9868421052631579,0.9868421052631579,0.9605263157894737,0.9736842105263158,0.9473684210526315,0.9736842105263158
2,0.9454545454545454,0.9090909090909091,0.9818181818181818,1.0,0.9454545454545454,0.9818181818181818,0.9454545454545454,0.9818181818181818
3,0.9523809523809523,0.9206349206349206,0.9841269841269841,1.0,0.9523809523809523,0.9841269841269841,0.9523809523809523,0.9841269841269841
4,0.95,0.925,0.9875,0.9875,0.95,0.975,0.9375,0.975
5,0.9444444444444444,0.9074074074074074,0.9814814814814815,1.0,0.9444444444444444,0.9814814814814815,0.9444444444444444,0.9814814814814815
6,0.9552238805970149,0.9104477611940298,0.9850746268656716,0.9850746268656716,0.9552238805970149,0.9701492537313433,0.9402985074626866,0.9701492537313433
7,0.9402985074626866,0.9253731343283582,0.9850746268656716,1.0,0.9402985074626866,0.9850746268656716,0.9402985074626866,0.9850746268656716
