,LocLen,HASeverity,LocLen_LOCSeparate,HASeverity_LOCSeparate,,HASeverity_LocLen_LOCSeparate,HASeverity_LocLen,LOCSeparate
0,0.29177151484650227,0.258933064921993,0.2942878711625566,0.29101660795168593,0.30963764469048816,0.14481630598892803,0.2843482637141419,0.3127830900855561
1,0.28806936133838074,0.24960312614482844,0.2847722554646477,0.28123091952619367,0.2966174136036146,0.13933325192331175,0.2811088044938332,0.30223470509219685
2,0.29742849645762265,0.262791918131724,0.2967725006559958,0.2932301233272107,0.31290999737601677,0.1464182629231173,0.2889005510364734,0.3148779847808974
3,0.29195227215029196,0.2523483117542524,0.2854785478547855,0.2815435389692815,0.29893373952779895,0.1403909621731404,0.28357451129728356,0.3026148768723026
4,0.28472636222725645,0.2456182186717539,0.27995707642780493,0.2772147370931203,0.2935495409562418,0.137713127459163,0.27673780851317514,0.2972457374508167
5,0.30032162958992226,0.26628249798981507,0.30099169123559366,0.296837309032431,0.3155990351112302,0.14768158670597695,0.2926829268292683,0.3192173679978558
6,0.2949954972340152,0.26270423260002573,0.2988550109352888,0.29486684677730607,0.3124919593464557,0.14627556927827093,0.28830567348514086,0.3173806767014023
7,0.2889219699789108,0.2487284456022826,0.2809825083736509,0.27800521027167846,0.2958689988835132,0.13894057809204813,0.27986602158541124,0.29822602654757474
