,LocLen,HASeverity,LocLen_LOCSeparate,HASeverity_LOCSeparate,,HASeverity_LocLen_LOCSeparate,HASeverity_LocLen,LOCSeparate
0,0.629718168092602,0.63147961751384,0.490186210367388,0.553472571716155,0.5762455963764469,0.5451685958731757,0.5606441872169099,0.5450427780573729
1,0.6198559042618146,0.6047136402491147,0.4846745634387593,0.5340090365123947,0.5673464403468067,0.5312003907681035,0.5529368665282697,0.5232629136646721
2,0.6392023091052217,0.6401207032274994,0.49724481763316714,0.5632379952768303,0.5850170558908423,0.5523484649698241,0.5694043558121228,0.5528732616111257
3,0.6274435135821275,0.6113226707286114,0.48984513835998983,0.5416349327240416,0.5747651688245747,0.5363036303630363,0.5601675552170602,0.5288144199035288
4,0.6167878860140694,0.6008107785859068,0.4806247764397282,0.5292714915941338,0.5633718850602122,0.5283176344342435,0.5485870990819125,0.5188982949803267
5,0.6419190565532029,0.6431251675154114,0.50093808630394,0.5671401768962745,0.5885821495577593,0.554945054945055,0.5730367193781828,0.5561511659072634
6,0.6327029460954586,0.6347613534028046,0.49401775376302587,0.5576997298340409,0.5795703074745915,0.5477936446674385,0.5645182040396244,0.5486941978644024
7,0.6244882768887234,0.6073688128023819,0.4859198610594219,0.5372782533184468,0.5711450192283836,0.533432576603399,0.5561344746309391,0.5252450068229748
