,LocLen,HASeverity,LocLen_LOCSeparate,HASeverity_LOCSeparate,,HASeverity_LocLen_LOCSeparate,HASeverity_LocLen,LOCSeparate
0,0.4470306995470559,0.4895571212883744,0.602918973326623,0.6683442375440363,0.5520885757423251,0.4758429793658782,0.5762455963764469,0.6463261197785607
1,0.4294785688118207,0.4705092196849432,0.5939675174013921,0.6413481499572597,0.5296128953474173,0.45817560141653435,0.564415679570155,0.6190010990352912
2,0.4548674888480714,0.49816321175544476,0.6104696929939648,0.6758068748360011,0.559302020467069,0.48346890579900287,0.584885856730517,0.654027814221989
3,0.43564356435643564,0.4774054328509774,0.5986290936785986,0.6461030718456461,0.535034272658035,0.4636963696369637,0.5713379030210713,0.6243970550901244
4,0.42446643615118634,0.46619768689638724,0.5900798855371409,0.6368188863717659,0.5250983665196137,0.4527244545129367,0.5607487778705139,0.6146417074043162
5,0.4591262396140445,0.5020101849370142,0.6136424551058698,0.6795765210399357,0.5632538193513803,0.4883409273653176,0.5881801125703565,0.6574644867327795
6,0.4514344525923067,0.49337450147948025,0.6063296024700888,0.672327286761868,0.5560272738968224,0.48063810626527725,0.5795703074745915,0.6496848063810626
7,0.43096390026051357,0.47301823595087455,0.5953355663069098,0.6414836868874829,0.5305793325890088,0.4585039077037588,0.5676715047760824,0.6203944919985114
