,LocLen,HASeverity,LocLen_LOCSeparate,HASeverity_LOCSeparate,,HASeverity_LocLen_LOCSeparate,HASeverity_LocLen,LOCSeparate
0,0.6942627075993961,0.6997986914947156,0.7996980372420734,0.7182939104177152,0.7554101660795168,0.8041016607951686,0.7154001006542526,0.6742576748867639
1,0.6870191720600806,0.6772499694712419,0.7884967639516425,0.6953229942605935,0.7365978751984369,0.7935034802784223,0.7126633288557821,0.6517279277079009
2,0.702440304382052,0.7078194699553922,0.8068748360010496,0.7246129624770401,0.7643663080556284,0.8110732091314615,0.7209393859879297,0.6818420362109683
3,0.6937039857831937,0.6834221883726834,0.7936024371667936,0.7000507743082001,0.7438436151307438,0.799060675298299,0.7173140390962173,0.6575272911906576
4,0.6833194229164182,0.6735423870275427,0.7839513532848456,0.6921426016454036,0.732800763085728,0.7895552640992012,0.7081197090735663,0.6479074758554907
5,0.7051728759045832,0.7101313320825516,0.8107745912623961,0.7266148485660681,0.7666845349772179,0.8139908871616188,0.7246046636290538,0.6842669525596354
6,0.6974141258201466,0.7024314936318024,0.8043226553454265,0.7204425575710793,0.7583944423002702,0.8074102663064454,0.7191560530039882,0.6770873536601055
7,0.690236943307282,0.6800645081255428,0.7888599429351197,0.6970599181243022,0.740354794690485,0.7951867014018111,0.7125666790720754,0.6540131497332837
