,LocLen,HASeverity,LocLen_LOCSeparate,HASeverity_LOCSeparate,,HASeverity_LocLen_LOCSeparate,HASeverity_LocLen,LOCSeparate
0,0.8823529411764706,0.8676470588235294,0.9117647058823529,0.8382352941176471,0.8970588235294118,0.8676470588235294,0.8676470588235294,0.8823529411764706
1,0.881578947368421,0.881578947368421,0.9210526315789473,0.8552631578947368,0.9078947368421053,0.868421052631579,0.881578947368421,0.8947368421052632
2,0.8727272727272727,0.8545454545454545,0.9272727272727272,0.8545454545454545,0.8909090909090909,0.8909090909090909,0.8545454545454545,0.8909090909090909
3,0.873015873015873,0.873015873015873,0.9365079365079365,0.873015873015873,0.9047619047619048,0.8888888888888888,0.873015873015873,0.9047619047619048
4,0.875,0.8875,0.925,0.8625,0.9125,0.875,0.875,0.9
5,0.8703703703703703,0.8518518518518519,0.9259259259259259,0.8518518518518519,0.8888888888888888,0.8888888888888888,0.8518518518518519,0.8888888888888888
6,0.8805970149253731,0.8656716417910447,0.9104477611940298,0.835820895522388,0.8955223880597015,0.8656716417910447,0.8656716417910447,0.8805970149253731
7,0.8656716417910447,0.8805970149253731,0.9402985074626866,0.8805970149253731,0.9104477611940298,0.8955223880597015,0.8656716417910447,0.9104477611940298
